{"cameraMode":{"drawMode":0,"name":"Shaded","section":"Shading Mode"},"sceneLighting":true,"audioPlay":false,"sceneViewState":{"m_AlwaysRefresh":true,"showFog":true,"showSkybox":true,"showFlares":true,"showImageEffects":true,"showParticleSystems":true,"showVisualEffectGraphs":true,"m_FxEnabled":true},"in2DMode":false,"pivot":{"x":-38.29429244995117,"y":9.556567192077637,"z":10.27389144897461},"rotation":{"x":0.012117214500904084,"y":0.19262389838695527,"z":-0.0021793709602206947,"w":0.9812703132629395},"size":1.2613277435302735,"orthographic":false}