{"cameraMode":{"drawMode":0,"name":"Shaded","section":"Shading Mode"},"sceneLighting":true,"audioPlay":false,"sceneViewState":{"m_AlwaysRefresh":true,"showFog":true,"showSkybox":true,"showFlares":true,"showImageEffects":true,"showParticleSystems":true,"showVisualEffectGraphs":true,"m_FxEnabled":true},"in2DMode":false,"pivot":{"x":-33.42023468017578,"y":3.6783103942871095,"z":9.703924179077149},"rotation":{"x":0.3268491327762604,"y":0.27140724658966067,"z":-0.09838414937257767,"w":0.8999893665313721},"size":1.5613276958465577,"orthographic":false}